,poverty_rate,poverty_rate,poverty_rate,severely_poor,severely_poor,severely_poor,moderately_poor,moderately_poor,moderately_poor,vulnerable,vulnerable,vulnerable,non_poor,non_poor,non_poor,count,count,population_density,population_density,population_density,area_sqkm,distance_to_major_road_km,distance_to_major_road_km,distance_to_major_road_km,poverty_rate
,mean,median,std,mean,median,std,mean,median,std,mean,median,std,mean,median,std,sum,mean,mean,median,max,sum,mean,median,min,weighted
urban_rural_class,,,,,,,,,,,,,,,,,,,,,,,,,
Urban,32.03057324840764,33.3,11.114862557435748,6.556263269639066,6.0,3.8706805777275077,25.474309978768577,27.5,8.143332888535012,24.06135881104034,24.6,6.403914482790633,43.91210191082802,40.3,15.938206539640223,14973504,31790.87898089172,1110.5388970099018,585.7665206343192,28075.72738202887,23126.512936072406,1.4505163720273138,0.8964224102733865,0.009098606578511043,30.121762374391455
Peri-urban,38.57647058823529,38.4,6.448634284518883,8.538235294117648,8.0,3.7869804638878315,30.038235294117648,29.6,3.528242304766047,27.305882352941175,26.95,3.5434054136005515,34.11176470588235,34.3,7.368638075959095,978769,28787.323529411766,268.72515340075375,226.73836168387362,865.4792566254981,6358.4044685257795,1.6989920002190304,1.26092521843082,0.3308002971365134,39.20879267733244
Rural,,,,,,,,,,,,,,,,0,,,,,0.0,,,,
